,Table,Column,DataType,ValueType,Formula,Hidden,Naming
4,BalanceOfPower,Category,string,tableColumn,,0.0,BalanceOfPower[Category]
2,BalanceOfPower,Country,string,tableColumn,,0.0,BalanceOfPower[Country]
5,BalanceOfPower,Country_mapping,string,tableColumn,,0.0,BalanceOfPower[Country_mapping]
6,BalanceOfPower,Name of Investor Group,string,tableColumn,,0.0,BalanceOfPower[Name of Investor Group]
3,BalanceOfPower,National MB market share,double,tableColumn,,0.0,BalanceOfPower[National MB market share]
0,BalanceOfPower,RowNumber-2662979B-1795-4F74-8F37-6A1BA8059B61,int64,rowNumber,,1.0,BalanceOfPower[RowNumber-2662979B-1795-4F74-8F37-6A1BA8059B61]
1,BalanceOfPower,index,int64,tableColumn,,0.0,BalanceOfPower[index]
609,Competitor Comparison Categories,Category,string,tableColumn,,0.0,Competitor Comparison Categories[Category]
608,Competitor Comparison Categories,Function,string,tableColumn,,0.0,Competitor Comparison Categories[Function]
607,Competitor Comparison Categories,RowNumber-2662979B-1795-4F74-8F37-6A1BA8059B61,int64,rowNumber,,1.0,Competitor Comparison Categories[RowNumber-2662979B-1795-4F74-8F37-6A1BA8059B61]
610,Competitor Comparison Categories,Sorting,int64,tableColumn,,0.0,Competitor Comparison Categories[Sorting]
517,CounterMeasure,Actual,string,tableColumn,,0.0,CounterMeasure[Actual]
522,CounterMeasure,Comment,string,tableColumn,,0.0,CounterMeasure[Comment]
514,CounterMeasure,Control lever,string,tableColumn,,0.0,CounterMeasure[Control lever]
525,CounterMeasure,Country,string,tableColumn,,0.0,CounterMeasure[Country]
524,CounterMeasure,Country_mapping,string,tableColumn,,0.0,CounterMeasure[Country_mapping]
511,CounterMeasure,ID,string,tableColumn,,0.0,CounterMeasure[ID]
527,CounterMeasure,Impact dealer in m €,string,tableColumn,,0.0,CounterMeasure[Impact dealer in m €]
528,CounterMeasure,Impact manufacturer in m €,string,tableColumn,,0.0,CounterMeasure[Impact manufacturer in m €]
520,CounterMeasure,Impact on dealer RoS in %,string,tableColumn,,0.0,CounterMeasure[Impact on dealer RoS in %]
516,CounterMeasure,Implementation period,string,tableColumn,,0.0,CounterMeasure[Implementation period]
512,CounterMeasure,Line item,string,tableColumn,,0.0,CounterMeasure[Line item]
513,CounterMeasure,MPC,string,tableColumn,,0.0,CounterMeasure[MPC]
515,CounterMeasure,Measure,string,tableColumn,,0.0,CounterMeasure[Measure]
523,CounterMeasure,Reporting Period,string,tableColumn,,0.0,CounterMeasure[Reporting Period]
509,CounterMeasure,RowNumber-2662979B-1795-4F74-8F37-6A1BA8059B61,int64,rowNumber,,1.0,CounterMeasure[RowNumber-2662979B-1795-4F74-8F37-6A1BA8059B61]
521,CounterMeasure,Status of fulfilment,double,tableColumn,,0.0,CounterMeasure[Status of fulfilment]
518,CounterMeasure,Target,string,tableColumn,,0.0,CounterMeasure[Target]
510,CounterMeasure,index,string,tableColumn,,0.0,CounterMeasure[index]
526,CounterMeasure,level_0,int64,tableColumn,,0.0,CounterMeasure[level_0]
519,CounterMeasure,Δ Delta,string,tableColumn,,0.0,CounterMeasure[Δ Delta]
496,CurrentSituation,Country,string,tableColumn,,0.0,CurrentSituation[Country]
495,CurrentSituation,Country_mapping,string,tableColumn,,0.0,CurrentSituation[Country_mapping]
493,CurrentSituation,Current situation,string,tableColumn,,0.0,CurrentSituation[Current situation]
490,CurrentSituation,ID,string,tableColumn,,0.0,CurrentSituation[ID]
491,CurrentSituation,Line item,string,tableColumn,,0.0,CurrentSituation[Line item]
492,CurrentSituation,MPC,string,tableColumn,,0.0,CurrentSituation[MPC]
494,CurrentSituation,Reporting Period,string,tableColumn,,0.0,CurrentSituation[Reporting Period]
488,CurrentSituation,RowNumber-2662979B-1795-4F74-8F37-6A1BA8059B61,int64,rowNumber,,1.0,CurrentSituation[RowNumber-2662979B-1795-4F74-8F37-6A1BA8059B61]
489,CurrentSituation,index,int64,tableColumn,,0.0,CurrentSituation[index]
251,DateTableTemplate_203bb065-13ae-4477-989d-04d680fbd81e,Date,dateTime,calculatedTableColumn,"Calendar(Date(2015,1,1), Date(2015,1,1))",1.0,DateTableTemplate_203bb065-13ae-4477-989d-04d680fbd81e[Date]
257,DateTableTemplate_203bb065-13ae-4477-989d-04d680fbd81e,Day,int64,calculated,"Calendar(Date(2015,1,1), Date(2015,1,1))",1.0,DateTableTemplate_203bb065-13ae-4477-989d-04d680fbd81e[Day]
253,DateTableTemplate_203bb065-13ae-4477-989d-04d680fbd81e,MonthNo,int64,calculated,"Calendar(Date(2015,1,1), Date(2015,1,1))",1.0,DateTableTemplate_203bb065-13ae-4477-989d-04d680fbd81e[MonthNo]
254,DateTableTemplate_203bb065-13ae-4477-989d-04d680fbd81e,Month,string,calculated,"Calendar(Date(2015,1,1), Date(2015,1,1))",1.0,DateTableTemplate_203bb065-13ae-4477-989d-04d680fbd81e[Month]
255,DateTableTemplate_203bb065-13ae-4477-989d-04d680fbd81e,QuarterNo,int64,calculated,"Calendar(Date(2015,1,1), Date(2015,1,1))",1.0,DateTableTemplate_203bb065-13ae-4477-989d-04d680fbd81e[QuarterNo]
256,DateTableTemplate_203bb065-13ae-4477-989d-04d680fbd81e,Quarter,string,calculated,"Calendar(Date(2015,1,1), Date(2015,1,1))",1.0,DateTableTemplate_203bb065-13ae-4477-989d-04d680fbd81e[Quarter]
250,DateTableTemplate_203bb065-13ae-4477-989d-04d680fbd81e,RowNumber-2662979B-1795-4F74-8F37-6A1BA8059B61,int64,rowNumber,"Calendar(Date(2015,1,1), Date(2015,1,1))",1.0,DateTableTemplate_203bb065-13ae-4477-989d-04d680fbd81e[RowNumber-2662979B-1795-4F74-8F37-6A1BA8059B61]
252,DateTableTemplate_203bb065-13ae-4477-989d-04d680fbd81e,Year,int64,calculated,"Calendar(Date(2015,1,1), Date(2015,1,1))",1.0,DateTableTemplate_203bb065-13ae-4477-989d-04d680fbd81e[Year]
282,FactSheetTotal_left,ArrowsGreenRedCode,double,tableColumn,,0.0,FactSheetTotal_left[ArrowsGreenRedCode]
263,FactSheetTotal_left,Business Share CY_Q,string,tableColumn,,0.0,FactSheetTotal_left[Business Share CY_Q]
272,FactSheetTotal_left,CY_Q,string,tableColumn,,0.0,FactSheetTotal_left[CY_Q]
264,FactSheetTotal_left,Country,string,tableColumn,,0.0,FactSheetTotal_left[Country]
267,FactSheetTotal_left,Country_mapping,string,tableColumn,,0.0,FactSheetTotal_left[Country_mapping]
274,FactSheetTotal_left,DeltaIcon,double,calculated,"IFERROR(CONVERT(FactSheetTotal_left[Delta],DOUBLE),-1000000)",0.0,FactSheetTotal_left[DeltaIcon]
273,FactSheetTotal_left,Delta,string,tableColumn,,0.0,FactSheetTotal_left[Delta]
279,FactSheetTotal_left,HasColor,string,tableColumn,,0.0,FactSheetTotal_left[HasColor]
275,FactSheetTotal_left,HeaderColsBGColor,string,calculated,"IF(FactSheetTotal_left[index]<2, FactSheetTotal_left[HeaderRowsBGColor], IF(FactSheetTotal_left[HasColor], FactSheetTotal_left[HighlightRowsBGColor], BLANK()))",0.0,FactSheetTotal_left[HeaderColsBGColor]
277,FactSheetTotal_left,HeaderColsFontColor,string,calculated,"IF(FactSheetTotal_left[index]<2, ""White"", ""#c2c2c2"")",0.0,FactSheetTotal_left[HeaderColsFontColor]
280,FactSheetTotal_left,HeaderRowsBGColor,string,calculated,"""#273746""",0.0,FactSheetTotal_left[HeaderRowsBGColor]
281,FactSheetTotal_left,HighlightRowsBGColor,string,calculated,"""#273746""",0.0,FactSheetTotal_left[HighlightRowsBGColor]
269,FactSheetTotal_left,Mode,string,tableColumn,,0.0,FactSheetTotal_left[Mode]
276,FactSheetTotal_left,NormalColsBGColor,string,calculated,"IF(FactSheetTotal_left[index]<2, FactSheetTotal_left[HeaderRowsBGColor], IF(FactSheetTotal_left[HasColor], FactSheetTotal_left[HighlightRowsBGColor], BLANK()))",0.0,FactSheetTotal_left[NormalColsBGColor]
278,FactSheetTotal_left,NormalColsFontColor,string,calculated,"IF(FactSheetTotal_left[index]<2, ""White"", 
                        IF(FactSheetTotal_left[HasColor], ""#00AEDF"", BLANK()))",0.0,FactSheetTotal_left[NormalColsFontColor]
270,FactSheetTotal_left,PY_Q4,string,tableColumn,,0.0,FactSheetTotal_left[PY_Q4]
271,FactSheetTotal_left,PY_Q,string,tableColumn,,0.0,FactSheetTotal_left[PY_Q]
261,FactSheetTotal_left,Profitability key figures,string,tableColumn,,0.0,FactSheetTotal_left[Profitability key figures]
266,FactSheetTotal_left,Quarter,string,tableColumn,,0.0,FactSheetTotal_left[Quarter]
258,FactSheetTotal_left,RowNumber-2662979B-1795-4F74-8F37-6A1BA8059B61,int64,rowNumber,,1.0,FactSheetTotal_left[RowNumber-2662979B-1795-4F74-8F37-6A1BA8059B61]
262,FactSheetTotal_left,Unit,string,tableColumn,,0.0,FactSheetTotal_left[Unit]
268,FactSheetTotal_left,Year Quarter,string,tableColumn,,0.0,FactSheetTotal_left[Year Quarter]
265,FactSheetTotal_left,Year,string,tableColumn,,0.0,FactSheetTotal_left[Year]
260,FactSheetTotal_left,index,int64,tableColumn,,0.0,FactSheetTotal_left[index]
259,FactSheetTotal_left,level_0,int64,tableColumn,,0.0,FactSheetTotal_left[level_0]
313,FactSheetTotal_right,ArrowsGreenRedCode1,double,tableColumn,,0.0,FactSheetTotal_right[ArrowsGreenRedCode1]
314,FactSheetTotal_right,ArrowsGreenRedCode2,double,tableColumn,,0.0,FactSheetTotal_right[ArrowsGreenRedCode2]
299,FactSheetTotal_right,CG % CY_Q,string,tableColumn,,0.0,FactSheetTotal_right[CG % CY_Q]
302,FactSheetTotal_right,CG % DeltaIcon,double,calculated,"IFERROR(CONVERT([CG % Delta],DOUBLE),-1000000)",0.0,FactSheetTotal_right[CG % DeltaIcon]
300,FactSheetTotal_right,CG % Delta,string,tableColumn,,0.0,FactSheetTotal_right[CG % Delta]
298,FactSheetTotal_right,CG % PY_Q,string,tableColumn,,0.0,FactSheetTotal_right[CG % PY_Q]
296,FactSheetTotal_right,CG CY_Q,string,tableColumn,,0.0,FactSheetTotal_right[CG CY_Q]
301,FactSheetTotal_right,CG DeltaIcon,double,calculated,"IFERROR(CONVERT([CG Delta],DOUBLE),-1000000)",0.0,FactSheetTotal_right[CG DeltaIcon]
297,FactSheetTotal_right,CG Delta,string,tableColumn,,0.0,FactSheetTotal_right[CG Delta]
295,FactSheetTotal_right,CG PY_Q,string,tableColumn,,0.0,FactSheetTotal_right[CG PY_Q]
289,FactSheetTotal_right,Country,string,tableColumn,,0.0,FactSheetTotal_right[Country]
292,FactSheetTotal_right,Country_mapping,string,tableColumn,,0.0,FactSheetTotal_right[Country_mapping]
312,FactSheetTotal_right,EmptyCol,string,calculated,"""""",0.0,FactSheetTotal_right[EmptyCol]
308,FactSheetTotal_right,HeaderColsBGColor,string,calculated,"IF(FactSheetTotal_right[index]<2, FactSheetTotal_right[HeaderRowsBGColor], IF(FactSheetTotal_right[HeaderHasColor], FactSheetTotal_right[HighlightRowsBGColor], BLANK())) ",0.0,FactSheetTotal_right[HeaderColsBGColor]
307,FactSheetTotal_right,HeaderColsFontColor,string,calculated,"IF(FactSheetTotal_right[index]<2, ""White"", ""#c2c2c2"")",0.0,FactSheetTotal_right[HeaderColsFontColor]
309,FactSheetTotal_right,HeaderHasColor,string,tableColumn,,0.0,FactSheetTotal_right[HeaderHasColor]
315,FactSheetTotal_right,HeaderRowsBGColor,string,calculated,"""#273746""",0.0,FactSheetTotal_right[HeaderRowsBGColor]
316,FactSheetTotal_right,HighlightRowsBGColor,string,calculated,"""#273746""",0.0,FactSheetTotal_right[HighlightRowsBGColor]
286,FactSheetTotal_right,Income Statement,string,tableColumn,,0.0,FactSheetTotal_right[Income Statement]
294,FactSheetTotal_right,Mode,string,tableColumn,,0.0,FactSheetTotal_right[Mode]
304,FactSheetTotal_right,NormalColsBGColor,string,calculated,"IF(FactSheetTotal_right[index]<2, FactSheetTotal_right[HeaderRowsBGColor], IF(FactSheetTotal_right[HeaderHasColor], FactSheetTotal_right[HighlightRowsBGColor], BLANK())) ",0.0,FactSheetTotal_right[NormalColsBGColor]
303,FactSheetTotal_right,NormalColsFontColor,string,calculated,"IF(FactSheetTotal_right[index]<2, ""White"", 
                        IF(OR(FactSheetTotal_right[Unit1HasColor],FactSheetTotal_right[Unit2HasColor]),""#00AEDF"",BLANK()))",0.0,FactSheetTotal_right[NormalColsFontColor]
291,FactSheetTotal_right,Quarter,string,tableColumn,,0.0,FactSheetTotal_right[Quarter]
283,FactSheetTotal_right,RowNumber-2662979B-1795-4F74-8F37-6A1BA8059B61,int64,rowNumber,,1.0,FactSheetTotal_right[RowNumber-2662979B-1795-4F74-8F37-6A1BA8059B61]
305,FactSheetTotal_right,Unit1ColsBGColor,string,calculated,"IF(FactSheetTotal_right[index]<2, FactSheetTotal_right[HeaderRowsBGColor], IF(FactSheetTotal_right[HeaderHasColor],FactSheetTotal_right[HighlightRowsBGColor],BLANK()))",0.0,FactSheetTotal_right[Unit1ColsBGColor]
310,FactSheetTotal_right,Unit1HasColor,string,tableColumn,,0.0,FactSheetTotal_right[Unit1HasColor]
287,FactSheetTotal_right,Unit1,string,tableColumn,,0.0,FactSheetTotal_right[Unit1]
306,FactSheetTotal_right,Unit2ColsBGColor,string,calculated,"IF(FactSheetTotal_right[index]<2, FactSheetTotal_right[HeaderRowsBGColor], IF(FactSheetTotal_right[HeaderHasColor], FactSheetTotal_right[HighlightRowsBGColor], BLANK())) ",0.0,FactSheetTotal_right[Unit2ColsBGColor]
311,FactSheetTotal_right,Unit2HasColor,string,tableColumn,,0.0,FactSheetTotal_right[Unit2HasColor]
288,FactSheetTotal_right,Unit2,string,tableColumn,,0.0,FactSheetTotal_right[Unit2]
293,FactSheetTotal_right,Year Quarter,string,tableColumn,,0.0,FactSheetTotal_right[Year Quarter]
290,FactSheetTotal_right,Year,int64,tableColumn,,0.0,FactSheetTotal_right[Year]
285,FactSheetTotal_right,index,int64,tableColumn,,0.0,FactSheetTotal_right[index]
284,FactSheetTotal_right,level_0,int64,tableColumn,,0.0,FactSheetTotal_right[level_0]
338,FactSheet_Charts,A12.1_CY,double,tableColumn,,0.0,FactSheet_Charts[A12.1_CY]
348,FactSheet_Charts,A12.1_PY,double,tableColumn,,0.0,FactSheet_Charts[A12.1_PY]
365,FactSheet_Charts,A12.1_decrease,double,tableColumn,,0.0,FactSheet_Charts[A12.1_decrease]
382,FactSheet_Charts,A12.1_delta,double,tableColumn,,0.0,FactSheet_Charts[A12.1_delta]
364,FactSheet_Charts,A12.1_increase,double,tableColumn,,0.0,FactSheet_Charts[A12.1_increase]
339,FactSheet_Charts,A15.1_CY,double,tableColumn,,0.0,FactSheet_Charts[A15.1_CY]
349,FactSheet_Charts,A15.1_PY,double,tableColumn,,0.0,FactSheet_Charts[A15.1_PY]
367,FactSheet_Charts,A15.1_decrease,double,tableColumn,,0.0,FactSheet_Charts[A15.1_decrease]
383,FactSheet_Charts,A15.1_delta,double,tableColumn,,0.0,FactSheet_Charts[A15.1_delta]
366,FactSheet_Charts,A15.1_increase,double,tableColumn,,0.0,FactSheet_Charts[A15.1_increase]
342,FactSheet_Charts,A18.1_CY,double,tableColumn,,0.0,FactSheet_Charts[A18.1_CY]
352,FactSheet_Charts,A18.1_PY,double,tableColumn,,0.0,FactSheet_Charts[A18.1_PY]
373,FactSheet_Charts,A18.1_decrease,double,tableColumn,,0.0,FactSheet_Charts[A18.1_decrease]
386,FactSheet_Charts,A18.1_delta,double,tableColumn,,0.0,FactSheet_Charts[A18.1_delta]
372,FactSheet_Charts,A18.1_increase,double,tableColumn,,0.0,FactSheet_Charts[A18.1_increase]
341,FactSheet_Charts,A19.1_CY,double,tableColumn,,0.0,FactSheet_Charts[A19.1_CY]
351,FactSheet_Charts,A19.1_PY,double,tableColumn,,0.0,FactSheet_Charts[A19.1_PY]
371,FactSheet_Charts,A19.1_decrease,double,tableColumn,,0.0,FactSheet_Charts[A19.1_decrease]
385,FactSheet_Charts,A19.1_delta,double,tableColumn,,0.0,FactSheet_Charts[A19.1_delta]
370,FactSheet_Charts,A19.1_increase,double,tableColumn,,0.0,FactSheet_Charts[A19.1_increase]
333,FactSheet_Charts,Country,string,tableColumn,,0.0,FactSheet_Charts[Country]
334,FactSheet_Charts,Country_mapping,string,tableColumn,,0.0,FactSheet_Charts[Country_mapping]
359,FactSheet_Charts,RankBy_X01.1_CY,int64,calculated,"RANKX(FILTER( FactSheet_Charts,                                
                                FactSheet_Charts[YearQuarter_CY] = EARLIER(FactSheet_Charts[YearQuarter_CY])),
                        FactSheet_Charts[X01.1_CY])",0.0,FactSheet_Charts[RankBy_X01.1_CY]
356,FactSheet_Charts,RankBy_X11.1_CY,int64,calculated,"RANKX(FILTER( FactSheet_Charts,                                
                                FactSheet_Charts[YearQuarter_CY] = EARLIER(FactSheet_Charts[YearQuarter_CY])),
                        FactSheet_Charts[X11.1_CY])",0.0,FactSheet_Charts[RankBy_X11.1_CY]
357,FactSheet_Charts,RankBy_X21.1_CY,int64,calculated,"RANKX(FILTER( FactSheet_Charts,                                
                                FactSheet_Charts[YearQuarter_CY] = EARLIER(FactSheet_Charts[YearQuarter_CY])),
                        FactSheet_Charts[X21.1_CY])",0.0,FactSheet_Charts[RankBy_X21.1_CY]
358,FactSheet_Charts,RankBy_X33.1_CY,int64,calculated,"RANKX(FILTER( FactSheet_Charts,                                
                                FactSheet_Charts[YearQuarter_CY] = EARLIER(FactSheet_Charts[YearQuarter_CY])),
                        FactSheet_Charts[X33.1_CY])",0.0,FactSheet_Charts[RankBy_X33.1_CY]
331,FactSheet_Charts,RowNumber-2662979B-1795-4F74-8F37-6A1BA8059B61,int64,rowNumber,,1.0,FactSheet_Charts[RowNumber-2662979B-1795-4F74-8F37-6A1BA8059B61]
336,FactSheet_Charts,X01.1_CY,double,tableColumn,,0.0,FactSheet_Charts[X01.1_CY]
346,FactSheet_Charts,X01.1_PY,double,tableColumn,,0.0,FactSheet_Charts[X01.1_PY]
361,FactSheet_Charts,X01.1_decrease,double,tableColumn,,0.0,FactSheet_Charts[X01.1_decrease]
380,FactSheet_Charts,X01.1_delta,double,tableColumn,,0.0,FactSheet_Charts[X01.1_delta]
360,FactSheet_Charts,X01.1_increase,double,tableColumn,,0.0,FactSheet_Charts[X01.1_increase]
337,FactSheet_Charts,X11.1_CY,double,tableColumn,,0.0,FactSheet_Charts[X11.1_CY]
347,FactSheet_Charts,X11.1_PY,double,tableColumn,,0.0,FactSheet_Charts[X11.1_PY]
363,FactSheet_Charts,X11.1_decrease,double,tableColumn,,0.0,FactSheet_Charts[X11.1_decrease]
381,FactSheet_Charts,X11.1_delta,double,tableColumn,,0.0,FactSheet_Charts[X11.1_delta]
362,FactSheet_Charts,X11.1_increase,double,tableColumn,,0.0,FactSheet_Charts[X11.1_increase]
340,FactSheet_Charts,X21.1_CY,double,tableColumn,,0.0,FactSheet_Charts[X21.1_CY]
350,FactSheet_Charts,X21.1_PY,double,tableColumn,,0.0,FactSheet_Charts[X21.1_PY]
369,FactSheet_Charts,X21.1_decrease,double,tableColumn,,0.0,FactSheet_Charts[X21.1_decrease]
384,FactSheet_Charts,X21.1_delta,double,tableColumn,,0.0,FactSheet_Charts[X21.1_delta]
368,FactSheet_Charts,X21.1_increase,double,tableColumn,,0.0,FactSheet_Charts[X21.1_increase]
343,FactSheet_Charts,X31.1_CY,double,tableColumn,,0.0,FactSheet_Charts[X31.1_CY]
353,FactSheet_Charts,X31.1_PY,double,tableColumn,,0.0,FactSheet_Charts[X31.1_PY]
375,FactSheet_Charts,X31.1_decrease,double,tableColumn,,0.0,FactSheet_Charts[X31.1_decrease]
387,FactSheet_Charts,X31.1_delta,double,tableColumn,,0.0,FactSheet_Charts[X31.1_delta]
374,FactSheet_Charts,X31.1_increase,double,tableColumn,,0.0,FactSheet_Charts[X31.1_increase]
344,FactSheet_Charts,X32.1_CY,double,tableColumn,,0.0,FactSheet_Charts[X32.1_CY]
354,FactSheet_Charts,X32.1_PY,double,tableColumn,,0.0,FactSheet_Charts[X32.1_PY]
377,FactSheet_Charts,X32.1_decrease,double,tableColumn,,0.0,FactSheet_Charts[X32.1_decrease]
388,FactSheet_Charts,X32.1_delta,double,tableColumn,,0.0,FactSheet_Charts[X32.1_delta]
376,FactSheet_Charts,X32.1_increase,double,tableColumn,,0.0,FactSheet_Charts[X32.1_increase]
345,FactSheet_Charts,X33.1_CY,double,tableColumn,,0.0,FactSheet_Charts[X33.1_CY]
355,FactSheet_Charts,X33.1_PY,double,tableColumn,,0.0,FactSheet_Charts[X33.1_PY]
379,FactSheet_Charts,X33.1_decrease,double,tableColumn,,0.0,FactSheet_Charts[X33.1_decrease]
389,FactSheet_Charts,X33.1_delta,double,tableColumn,,0.0,FactSheet_Charts[X33.1_delta]
378,FactSheet_Charts,X33.1_increase,double,tableColumn,,0.0,FactSheet_Charts[X33.1_increase]
335,FactSheet_Charts,YearQuarter_CY,string,tableColumn,,0.0,FactSheet_Charts[YearQuarter_CY]
332,FactSheet_Charts,index,int64,tableColumn,,0.0,FactSheet_Charts[index]
551,FactSheet_TargetLines,Country,string,tableColumn,,0.0,FactSheet_TargetLines[Country]
544,FactSheet_TargetLines,ID_X,string,tableColumn,,0.0,FactSheet_TargetLines[ID_X]
545,FactSheet_TargetLines,ID_Y,string,tableColumn,,0.0,FactSheet_TargetLines[ID_Y]
546,FactSheet_TargetLines,LineItem_X,string,tableColumn,,0.0,FactSheet_TargetLines[LineItem_X]
547,FactSheet_TargetLines,LineItem_Y,string,tableColumn,,0.0,FactSheet_TargetLines[LineItem_Y]
542,FactSheet_TargetLines,RowNumber-2662979B-1795-4F74-8F37-6A1BA8059B61,int64,rowNumber,,1.0,FactSheet_TargetLines[RowNumber-2662979B-1795-4F74-8F37-6A1BA8059B61]
552,FactSheet_TargetLines,SlicerID,string,calculated,FactSheet_TargetLines[ID_X] & FactSheet_TargetLines[ID_Y],0.0,FactSheet_TargetLines[SlicerID]
548,FactSheet_TargetLines,YearQuarter,string,tableColumn,,0.0,FactSheet_TargetLines[YearQuarter]
543,FactSheet_TargetLines,index,int64,tableColumn,,0.0,FactSheet_TargetLines[index]
549,FactSheet_TargetLines,value_X,double,tableColumn,,0.0,FactSheet_TargetLines[value_X]
550,FactSheet_TargetLines,value_Y,double,tableColumn,,0.0,FactSheet_TargetLines[value_Y]
553,FactSheet_TargetLines,value_middle,double,tableColumn,,0.0,FactSheet_TargetLines[value_middle]
571,FactSheet_TargetLines_lowerB,Color,string,calculated,"""#27191c""",0.0,FactSheet_TargetLines_lowerB[Color]
569,FactSheet_TargetLines_lowerB,Country,string,tableColumn,,0.0,FactSheet_TargetLines_lowerB[Country]
562,FactSheet_TargetLines_lowerB,ID_X,string,tableColumn,,0.0,FactSheet_TargetLines_lowerB[ID_X]
563,FactSheet_TargetLines_lowerB,ID_Y,string,tableColumn,,0.0,FactSheet_TargetLines_lowerB[ID_Y]
564,FactSheet_TargetLines_lowerB,LineItem_X,string,tableColumn,,0.0,FactSheet_TargetLines_lowerB[LineItem_X]
565,FactSheet_TargetLines_lowerB,LineItem_Y,string,tableColumn,,0.0,FactSheet_TargetLines_lowerB[LineItem_Y]
560,FactSheet_TargetLines_lowerB,RowNumber-2662979B-1795-4F74-8F37-6A1BA8059B61,int64,rowNumber,,1.0,FactSheet_TargetLines_lowerB[RowNumber-2662979B-1795-4F74-8F37-6A1BA8059B61]
570,FactSheet_TargetLines_lowerB,SlicerID,string,calculated,FactSheet_TargetLines_lowerB[ID_X] & FactSheet_TargetLines_lowerB[ID_Y],0.0,FactSheet_TargetLines_lowerB[SlicerID]
566,FactSheet_TargetLines_lowerB,YearQuarter,string,tableColumn,,0.0,FactSheet_TargetLines_lowerB[YearQuarter]
561,FactSheet_TargetLines_lowerB,index,int64,tableColumn,,0.0,FactSheet_TargetLines_lowerB[index]
567,FactSheet_TargetLines_lowerB,value_X,double,tableColumn,,0.0,FactSheet_TargetLines_lowerB[value_X]
568,FactSheet_TargetLines_lowerB,value_Y,double,tableColumn,,0.0,FactSheet_TargetLines_lowerB[value_Y]
572,FactSheet_TargetLines_lowerB,value_max,double,tableColumn,,0.0,FactSheet_TargetLines_lowerB[value_max]
573,FactSheet_TargetLines_lowerB,value_middle,double,tableColumn,,0.0,FactSheet_TargetLines_lowerB[value_middle]
574,FactSheet_TargetLines_lowerB,value_min,double,tableColumn,,0.0,FactSheet_TargetLines_lowerB[value_min]
586,FactSheet_TargetLines_upperB,Color,string,calculated,"""Black""",0.0,FactSheet_TargetLines_upperB[Color]
584,FactSheet_TargetLines_upperB,Country,string,tableColumn,,0.0,FactSheet_TargetLines_upperB[Country]
577,FactSheet_TargetLines_upperB,ID_X,string,tableColumn,,0.0,FactSheet_TargetLines_upperB[ID_X]
578,FactSheet_TargetLines_upperB,ID_Y,string,tableColumn,,0.0,FactSheet_TargetLines_upperB[ID_Y]
579,FactSheet_TargetLines_upperB,LineItem_X,string,tableColumn,,0.0,FactSheet_TargetLines_upperB[LineItem_X]
580,FactSheet_TargetLines_upperB,LineItem_Y,string,tableColumn,,0.0,FactSheet_TargetLines_upperB[LineItem_Y]
575,FactSheet_TargetLines_upperB,RowNumber-2662979B-1795-4F74-8F37-6A1BA8059B61,int64,rowNumber,,1.0,FactSheet_TargetLines_upperB[RowNumber-2662979B-1795-4F74-8F37-6A1BA8059B61]
585,FactSheet_TargetLines_upperB,SlicerID,string,calculated,FactSheet_TargetLines_upperB[ID_X] & FactSheet_TargetLines_upperB[ID_Y],0.0,FactSheet_TargetLines_upperB[SlicerID]
581,FactSheet_TargetLines_upperB,YearQuarter,string,tableColumn,,0.0,FactSheet_TargetLines_upperB[YearQuarter]
576,FactSheet_TargetLines_upperB,index,int64,tableColumn,,0.0,FactSheet_TargetLines_upperB[index]
582,FactSheet_TargetLines_upperB,value_X,double,tableColumn,,0.0,FactSheet_TargetLines_upperB[value_X]
583,FactSheet_TargetLines_upperB,value_Y,double,tableColumn,,0.0,FactSheet_TargetLines_upperB[value_Y]
587,FactSheet_TargetLines_upperB,value_max,double,tableColumn,,0.0,FactSheet_TargetLines_upperB[value_max]
588,FactSheet_TargetLines_upperB,value_middle,double,tableColumn,,0.0,FactSheet_TargetLines_upperB[value_middle]
589,FactSheet_TargetLines_upperB,value_min,double,tableColumn,,0.0,FactSheet_TargetLines_upperB[value_min]
558,FactSheet_TargetSlicers,ID_X,string,calculatedTableColumn,"FILTER (
    DISTINCT (
        SELECTCOLUMNS( FactSheet_TargetLines, 
                        ""LineItem_X"", FactSheet_TargetLines[LineItem_X],
                        ""LineItem_Y"", FactSheet_TargetLines[LineItem_Y],
                        ""ID_X"", FactSheet_TargetLines[ID_X],
                        ""ID_Y"", FactSheet_TargetLines[ID_Y])
    ),
    NOT ( ISBLANK ( [ID_X] ) )
)",0.0,FactSheet_TargetSlicers[ID_X]
559,FactSheet_TargetSlicers,ID_Y,string,calculatedTableColumn,"FILTER (
    DISTINCT (
        SELECTCOLUMNS( FactSheet_TargetLines, 
                        ""LineItem_X"", FactSheet_TargetLines[LineItem_X],
                        ""LineItem_Y"", FactSheet_TargetLines[LineItem_Y],
                        ""ID_X"", FactSheet_TargetLines[ID_X],
                        ""ID_Y"", FactSheet_TargetLines[ID_Y])
    ),
    NOT ( ISBLANK ( [ID_X] ) )
)",0.0,FactSheet_TargetSlicers[ID_Y]
556,FactSheet_TargetSlicers,LineItem_X,string,calculatedTableColumn,"FILTER (
    DISTINCT (
        SELECTCOLUMNS( FactSheet_TargetLines, 
                        ""LineItem_X"", FactSheet_TargetLines[LineItem_X],
                        ""LineItem_Y"", FactSheet_TargetLines[LineItem_Y],
                        ""ID_X"", FactSheet_TargetLines[ID_X],
                        ""ID_Y"", FactSheet_TargetLines[ID_Y])
    ),
    NOT ( ISBLANK ( [ID_X] ) )
)",0.0,FactSheet_TargetSlicers[LineItem_X]
557,FactSheet_TargetSlicers,LineItem_Y,string,calculatedTableColumn,"FILTER (
    DISTINCT (
        SELECTCOLUMNS( FactSheet_TargetLines, 
                        ""LineItem_X"", FactSheet_TargetLines[LineItem_X],
                        ""LineItem_Y"", FactSheet_TargetLines[LineItem_Y],
                        ""ID_X"", FactSheet_TargetLines[ID_X],
                        ""ID_Y"", FactSheet_TargetLines[ID_Y])
    ),
    NOT ( ISBLANK ( [ID_X] ) )
)",0.0,FactSheet_TargetSlicers[LineItem_Y]
554,FactSheet_TargetSlicers,RowNumber-2662979B-1795-4F74-8F37-6A1BA8059B61,int64,rowNumber,"FILTER (
    DISTINCT (
        SELECTCOLUMNS( FactSheet_TargetLines, 
                        ""LineItem_X"", FactSheet_TargetLines[LineItem_X],
                        ""LineItem_Y"", FactSheet_TargetLines[LineItem_Y],
                        ""ID_X"", FactSheet_TargetLines[ID_X],
                        ""ID_Y"", FactSheet_TargetLines[ID_Y])
    ),
    NOT ( ISBLANK ( [ID_X] ) )
)",1.0,FactSheet_TargetSlicers[RowNumber-2662979B-1795-4F74-8F37-6A1BA8059B61]
555,FactSheet_TargetSlicers,SlicerID,string,calculated,FactSheet_TargetSlicers[ID_X] & FactSheet_TargetSlicers[ID_Y],0.0,FactSheet_TargetSlicers[SlicerID]
531,FactSheet_Targets,Country,string,tableColumn,,0.0,FactSheet_Targets[Country]
532,FactSheet_Targets,Country_mapping,string,tableColumn,,0.0,FactSheet_Targets[Country_mapping]
534,FactSheet_Targets,ID_X,string,tableColumn,,0.0,FactSheet_Targets[ID_X]
537,FactSheet_Targets,ID_Y,string,tableColumn,,0.0,FactSheet_Targets[ID_Y]
535,FactSheet_Targets,LineItem_X,string,tableColumn,,0.0,FactSheet_Targets[LineItem_X]
538,FactSheet_Targets,LineItem_Y,string,tableColumn,,0.0,FactSheet_Targets[LineItem_Y]
529,FactSheet_Targets,RowNumber-2662979B-1795-4F74-8F37-6A1BA8059B61,int64,rowNumber,,1.0,FactSheet_Targets[RowNumber-2662979B-1795-4F74-8F37-6A1BA8059B61]
540,FactSheet_Targets,SlicerID,string,calculated,FactSheet_Targets[ID_X] & FactSheet_Targets[ID_Y],0.0,FactSheet_Targets[SlicerID]
533,FactSheet_Targets,YearQuarter,string,tableColumn,,0.0,FactSheet_Targets[YearQuarter]
530,FactSheet_Targets,index,int64,tableColumn,,0.0,FactSheet_Targets[index]
536,FactSheet_Targets,value_X,double,tableColumn,,0.0,FactSheet_Targets[value_X]
539,FactSheet_Targets,value_Y,double,tableColumn,,0.0,FactSheet_Targets[value_Y]
541,FactSheet_Targets,value_middle,double,tableColumn,,0.0,FactSheet_Targets[value_middle]
235,FinancialsTargetReturn,Country,string,tableColumn,,0.0,FinancialsTargetReturn[Country]
238,FinancialsTargetReturn,Country_mapping,string,tableColumn,,0.0,FinancialsTargetReturn[Country_mapping]
237,FinancialsTargetReturn,Equity Value,double,tableColumn,,0.0,FinancialsTargetReturn[Equity Value]
236,FinancialsTargetReturn,Equity Variable Name,string,tableColumn,,0.0,FinancialsTargetReturn[Equity Variable Name]
233,FinancialsTargetReturn,RowNumber-2662979B-1795-4F74-8F37-6A1BA8059B61,int64,rowNumber,,1.0,FinancialsTargetReturn[RowNumber-2662979B-1795-4F74-8F37-6A1BA8059B61]
234,FinancialsTargetReturn,index,int64,tableColumn,,0.0,FinancialsTargetReturn[index]
226,FinancialsYearly,Country,string,tableColumn,,0.0,FinancialsYearly[Country]
232,FinancialsYearly,Country_mapping,string,tableColumn,,0.0,FinancialsYearly[Country_mapping]
228,FinancialsYearly,Net Operating Profit b. Tax (TEUR),double,tableColumn,,0.0,FinancialsYearly[Net Operating Profit b. Tax (TEUR)]
229,FinancialsYearly,RoS,double,tableColumn,,0.0,FinancialsYearly[RoS]
224,FinancialsYearly,RowNumber-2662979B-1795-4F74-8F37-6A1BA8059B61,int64,rowNumber,,1.0,FinancialsYearly[RowNumber-2662979B-1795-4F74-8F37-6A1BA8059B61]
230,FinancialsYearly,Total GD Net Revenue (TEUR),double,tableColumn,,0.0,FinancialsYearly[Total GD Net Revenue (TEUR)]
227,FinancialsYearly,Year,int64,tableColumn,,0.0,FinancialsYearly[Year]
231,FinancialsYearly,fx-Rate EoY (1 EUR = X local currency),double,tableColumn,,0.0,FinancialsYearly[fx-Rate EoY (1 EUR = X local currency)]
225,FinancialsYearly,index,int64,tableColumn,,0.0,FinancialsYearly[index]
204,Financials,"('Net Operating Profit b. Tax (TEUR)', 2016)",double,tableColumn,,0.0,"Financials[('Net Operating Profit b. Tax (TEUR)', 2016)]"
208,Financials,"('Net Operating Profit b. Tax (TEUR)', 2017)",double,tableColumn,,0.0,"Financials[('Net Operating Profit b. Tax (TEUR)', 2017)]"
212,Financials,"('Net Operating Profit b. Tax (TEUR)', 2018)",double,tableColumn,,0.0,"Financials[('Net Operating Profit b. Tax (TEUR)', 2018)]"
201,Financials,"('RoS', 2016)",double,tableColumn,,0.0,"Financials[('RoS', 2016)]"
205,Financials,"('RoS', 2017)",double,tableColumn,,0.0,"Financials[('RoS', 2017)]"
209,Financials,"('RoS', 2018)",double,tableColumn,,0.0,"Financials[('RoS', 2018)]"
203,Financials,"('Total GD Net Revenue (TEUR)', 2016)",double,tableColumn,,0.0,"Financials[('Total GD Net Revenue (TEUR)', 2016)]"
207,Financials,"('Total GD Net Revenue (TEUR)', 2017)",double,tableColumn,,0.0,"Financials[('Total GD Net Revenue (TEUR)', 2017)]"
211,Financials,"('Total GD Net Revenue (TEUR)', 2018)",double,tableColumn,,0.0,"Financials[('Total GD Net Revenue (TEUR)', 2018)]"
202,Financials,"('fx-Rate EoY (1 EUR = X local currency)', 2016)",double,tableColumn,,0.0,"Financials[('fx-Rate EoY (1 EUR = X local currency)', 2016)]"
206,Financials,"('fx-Rate EoY (1 EUR = X local currency)', 2017)",double,tableColumn,,0.0,"Financials[('fx-Rate EoY (1 EUR = X local currency)', 2017)]"
210,Financials,"('fx-Rate EoY (1 EUR = X local currency)', 2018)",double,tableColumn,,0.0,"Financials[('fx-Rate EoY (1 EUR = X local currency)', 2018)]"
219,Financials,Capital Turnover (actual),double,tableColumn,,0.0,Financials[Capital Turnover (actual)]
218,Financials,Capital Turnover (target),double,tableColumn,,0.0,Financials[Capital Turnover (target)]
222,Financials,Comments,string,tableColumn,,0.0,Financials[Comments]
220,Financials,Country_mapping,string,tableColumn,,0.0,Financials[Country_mapping]
221,Financials,Country_x,string,tableColumn,,0.0,Financials[Country_x]
223,Financials,Country_y,string,tableColumn,,0.0,Financials[Country_y]
215,Financials,Debt Ratio,double,tableColumn,,0.0,Financials[Debt Ratio]
214,Financials,Equity Ratio,double,tableColumn,,0.0,Financials[Equity Ratio]
217,Financials,Expense Ratio Debt,double,tableColumn,,0.0,Financials[Expense Ratio Debt]
216,Financials,Expense Ratio Equity,double,tableColumn,,0.0,Financials[Expense Ratio Equity]
213,Financials,MBC Cost of Sales Share,double,tableColumn,,0.0,Financials[MBC Cost of Sales Share]
199,Financials,RowNumber-2662979B-1795-4F74-8F37-6A1BA8059B61,int64,rowNumber,,1.0,Financials[RowNumber-2662979B-1795-4F74-8F37-6A1BA8059B61]
200,Financials,index,int64,tableColumn,,0.0,Financials[index]
636,LocalDateTable_704ce063-7385-4030-8800-12c092ea2b48,Date,dateTime,calculatedTableColumn,"Calendar(Date(Year(MIN('MPC_dealers'[Opening date])), 1, 1), Date(Year(MAX('MPC_dealers'[Opening date])), 12, 31))",1.0,LocalDateTable_704ce063-7385-4030-8800-12c092ea2b48[Date]
642,LocalDateTable_704ce063-7385-4030-8800-12c092ea2b48,Day,int64,calculated,"Calendar(Date(Year(MIN('MPC_dealers'[Opening date])), 1, 1), Date(Year(MAX('MPC_dealers'[Opening date])), 12, 31))",1.0,LocalDateTable_704ce063-7385-4030-8800-12c092ea2b48[Day]
638,LocalDateTable_704ce063-7385-4030-8800-12c092ea2b48,MonthNo,int64,calculated,"Calendar(Date(Year(MIN('MPC_dealers'[Opening date])), 1, 1), Date(Year(MAX('MPC_dealers'[Opening date])), 12, 31))",1.0,LocalDateTable_704ce063-7385-4030-8800-12c092ea2b48[MonthNo]
639,LocalDateTable_704ce063-7385-4030-8800-12c092ea2b48,Month,string,calculated,"Calendar(Date(Year(MIN('MPC_dealers'[Opening date])), 1, 1), Date(Year(MAX('MPC_dealers'[Opening date])), 12, 31))",1.0,LocalDateTable_704ce063-7385-4030-8800-12c092ea2b48[Month]
640,LocalDateTable_704ce063-7385-4030-8800-12c092ea2b48,QuarterNo,int64,calculated,"Calendar(Date(Year(MIN('MPC_dealers'[Opening date])), 1, 1), Date(Year(MAX('MPC_dealers'[Opening date])), 12, 31))",1.0,LocalDateTable_704ce063-7385-4030-8800-12c092ea2b48[QuarterNo]
641,LocalDateTable_704ce063-7385-4030-8800-12c092ea2b48,Quarter,string,calculated,"Calendar(Date(Year(MIN('MPC_dealers'[Opening date])), 1, 1), Date(Year(MAX('MPC_dealers'[Opening date])), 12, 31))",1.0,LocalDateTable_704ce063-7385-4030-8800-12c092ea2b48[Quarter]
635,LocalDateTable_704ce063-7385-4030-8800-12c092ea2b48,RowNumber-2662979B-1795-4F74-8F37-6A1BA8059B61,int64,rowNumber,"Calendar(Date(Year(MIN('MPC_dealers'[Opening date])), 1, 1), Date(Year(MAX('MPC_dealers'[Opening date])), 12, 31))",1.0,LocalDateTable_704ce063-7385-4030-8800-12c092ea2b48[RowNumber-2662979B-1795-4F74-8F37-6A1BA8059B61]
637,LocalDateTable_704ce063-7385-4030-8800-12c092ea2b48,Year,int64,calculated,"Calendar(Date(Year(MIN('MPC_dealers'[Opening date])), 1, 1), Date(Year(MAX('MPC_dealers'[Opening date])), 12, 31))",1.0,LocalDateTable_704ce063-7385-4030-8800-12c092ea2b48[Year]
628,LocalDateTable_8400031d-63de-425d-8d31-7d44587c9171,Date,dateTime,calculatedTableColumn,"Calendar(Date(Year(MIN('MPCs_GDs'[Effective since (date)])), 1, 1), Date(Year(MAX('MPCs_GDs'[Effective since (date)])), 12, 31))",1.0,LocalDateTable_8400031d-63de-425d-8d31-7d44587c9171[Date]
634,LocalDateTable_8400031d-63de-425d-8d31-7d44587c9171,Day,int64,calculated,"Calendar(Date(Year(MIN('MPCs_GDs'[Effective since (date)])), 1, 1), Date(Year(MAX('MPCs_GDs'[Effective since (date)])), 12, 31))",1.0,LocalDateTable_8400031d-63de-425d-8d31-7d44587c9171[Day]
630,LocalDateTable_8400031d-63de-425d-8d31-7d44587c9171,MonthNo,int64,calculated,"Calendar(Date(Year(MIN('MPCs_GDs'[Effective since (date)])), 1, 1), Date(Year(MAX('MPCs_GDs'[Effective since (date)])), 12, 31))",1.0,LocalDateTable_8400031d-63de-425d-8d31-7d44587c9171[MonthNo]
631,LocalDateTable_8400031d-63de-425d-8d31-7d44587c9171,Month,string,calculated,"Calendar(Date(Year(MIN('MPCs_GDs'[Effective since (date)])), 1, 1), Date(Year(MAX('MPCs_GDs'[Effective since (date)])), 12, 31))",1.0,LocalDateTable_8400031d-63de-425d-8d31-7d44587c9171[Month]
632,LocalDateTable_8400031d-63de-425d-8d31-7d44587c9171,QuarterNo,int64,calculated,"Calendar(Date(Year(MIN('MPCs_GDs'[Effective since (date)])), 1, 1), Date(Year(MAX('MPCs_GDs'[Effective since (date)])), 12, 31))",1.0,LocalDateTable_8400031d-63de-425d-8d31-7d44587c9171[QuarterNo]
633,LocalDateTable_8400031d-63de-425d-8d31-7d44587c9171,Quarter,string,calculated,"Calendar(Date(Year(MIN('MPCs_GDs'[Effective since (date)])), 1, 1), Date(Year(MAX('MPCs_GDs'[Effective since (date)])), 12, 31))",1.0,LocalDateTable_8400031d-63de-425d-8d31-7d44587c9171[Quarter]
627,LocalDateTable_8400031d-63de-425d-8d31-7d44587c9171,RowNumber-2662979B-1795-4F74-8F37-6A1BA8059B61,int64,rowNumber,"Calendar(Date(Year(MIN('MPCs_GDs'[Effective since (date)])), 1, 1), Date(Year(MAX('MPCs_GDs'[Effective since (date)])), 12, 31))",1.0,LocalDateTable_8400031d-63de-425d-8d31-7d44587c9171[RowNumber-2662979B-1795-4F74-8F37-6A1BA8059B61]
629,LocalDateTable_8400031d-63de-425d-8d31-7d44587c9171,Year,int64,calculated,"Calendar(Date(Year(MIN('MPCs_GDs'[Effective since (date)])), 1, 1), Date(Year(MAX('MPCs_GDs'[Effective since (date)])), 12, 31))",1.0,LocalDateTable_8400031d-63de-425d-8d31-7d44587c9171[Year]
499,LowPerformer,Country,string,tableColumn,,0.0,LowPerformer[Country]
504,LowPerformer,Country_mapping,string,tableColumn,,0.0,LowPerformer[Country_mapping]
508,LowPerformer,Dealer name,string,tableColumn,,0.0,LowPerformer[Dealer name]
502,LowPerformer,Defined Actions,string,tableColumn,,0.0,LowPerformer[Defined Actions]
505,LowPerformer,ID,string,tableColumn,,0.0,LowPerformer[ID]
501,LowPerformer,Issues,string,tableColumn,,0.0,LowPerformer[Issues]
506,LowPerformer,Line item,string,tableColumn,,0.0,LowPerformer[Line item]
507,LowPerformer,MPC,string,tableColumn,,0.0,LowPerformer[MPC]
500,LowPerformer,Reporting Period,string,tableColumn,,0.0,LowPerformer[Reporting Period]
497,LowPerformer,RowNumber-2662979B-1795-4F74-8F37-6A1BA8059B61,int64,rowNumber,,1.0,LowPerformer[RowNumber-2662979B-1795-4F74-8F37-6A1BA8059B61]
503,LowPerformer,Status of implementation,string,tableColumn,,0.0,LowPerformer[Status of implementation]
498,LowPerformer,index,int64,tableColumn,,0.0,LowPerformer[index]
103,MPC_dealers,# of Car Checkers (Customer Services),double,tableColumn,,0.0,MPC_dealers[# of Car Checkers (Customer Services)]
104,MPC_dealers,# of Media Experts,double,tableColumn,,0.0,MPC_dealers[# of Media Experts]
105,MPC_dealers,# of Product Experts,double,tableColumn,,0.0,MPC_dealers[# of Product Experts]
106,MPC_dealers,# of Star Assistants,double,tableColumn,,0.0,MPC_dealers[# of Star Assistants]
107,MPC_dealers,# of functioning screens with DS (RCPS etc.),double,tableColumn,,0.0,MPC_dealers[# of functioning screens with DS (RCPS etc.)]
108,MPC_dealers,# of functioning screens with alternative solution to DS,double,tableColumn,,0.0,MPC_dealers[# of functioning screens with alternative solution to DS]
109,MPC_dealers,# of new car showroom adapters,string,tableColumn,,0.0,MPC_dealers[# of new car showroom adapters]
110,MPC_dealers,# of showroom vehicles,double,tableColumn,,0.0,MPC_dealers[# of showroom vehicles]
11,MPC_dealers,A-Klasse W169 E-Cell,string,tableColumn,,0.0,MPC_dealers[A-Klasse W169 E-Cell]
12,MPC_dealers,AMG Performance Center,string,tableColumn,,0.0,MPC_dealers[AMG Performance Center]
111,MPC_dealers,AMG PoS concept,string,tableColumn,,0.0,MPC_dealers[AMG PoS concept]
13,MPC_dealers,Address,string,tableColumn,,0.0,MPC_dealers[Address]
14,MPC_dealers,Agent_Electric Vehicle Verkauf,string,tableColumn,,0.0,MPC_dealers[Agent_Electric Vehicle Verkauf]
112,MPC_dealers,Alternative to D@R Car Searcher,string,tableColumn,,0.0,MPC_dealers[Alternative to D@R Car Searcher]
113,MPC_dealers,Alternative to D@R Center,string,tableColumn,,0.0,MPC_dealers[Alternative to D@R Center]
114,MPC_dealers,Alternative to D@R Configurator,string,tableColumn,,0.0,MPC_dealers[Alternative to D@R Configurator]
115,MPC_dealers,Alternative to D@R Handover Companion,string,tableColumn,,0.0,MPC_dealers[Alternative to D@R Handover Companion]
116,MPC_dealers,Alternative to D@R Matchmaker,string,tableColumn,,0.0,MPC_dealers[Alternative to D@R Matchmaker]
117,MPC_dealers,Alternative to D@R Media Concierge,string,tableColumn,,0.0,MPC_dealers[Alternative to D@R Media Concierge]
118,MPC_dealers,Alternative to D@R Show Adapter,string,tableColumn,,0.0,MPC_dealers[Alternative to D@R Show Adapter]
119,MPC_dealers,Alternative to D@R VIN Scanner,string,tableColumn,,0.0,MPC_dealers[Alternative to D@R VIN Scanner]
120,MPC_dealers,Alternative to Virtual Promoter,string,tableColumn,,0.0,MPC_dealers[Alternative to Virtual Promoter]
121,MPC_dealers,Alternative to car configurator,string,tableColumn,,0.0,MPC_dealers[Alternative to car configurator]
122,MPC_dealers,Alternative to salestouch,string,tableColumn,,0.0,MPC_dealers[Alternative to salestouch]
15,MPC_dealers,Auslieferungsstätte,string,tableColumn,,0.0,MPC_dealers[Auslieferungsstätte]
16,MPC_dealers,B-Klasse W242 E-Cell After Sales,string,tableColumn,,0.0,MPC_dealers[B-Klasse W242 E-Cell After Sales]
17,MPC_dealers,B-Klasse W242 E-Cell Verkauf,string,tableColumn,,0.0,MPC_dealers[B-Klasse W242 E-Cell Verkauf]
18,MPC_dealers,Betriebstyp,string,tableColumn,,0.0,MPC_dealers[Betriebstyp]
19,MPC_dealers,Bharat Benz,string,tableColumn,,0.0,MPC_dealers[Bharat Benz]
154,MPC_dealers,BrandSorting,int64,calculated,"SWITCH(MPC_dealers[Brand],
                        ""Mercedes-Benz"", 1,
                        ""Audi"", 2,
                        ""BMW"", 3,
                        ""Tesla"", 4 )
                        ",0.0,MPC_dealers[BrandSorting]
141,MPC_dealers,Brand,string,tableColumn,,0.0,MPC_dealers[Brand]
20,MPC_dealers,Brennstoffzelle,string,tableColumn,,0.0,MPC_dealers[Brennstoffzelle]
157,MPC_dealers,BusPoint,string,tableColumn,,0.0,MPC_dealers[BusPoint]
97,MPC_dealers,Bus,string,tableColumn,,0.0,MPC_dealers[Bus]
150,MPC_dealers,Business partner,string,tableColumn,,0.0,MPC_dealers[Business partner]
123,MPC_dealers,Car configurator,string,tableColumn,,0.0,MPC_dealers[Car configurator]
21,MPC_dealers,Citan Service,string,tableColumn,,0.0,MPC_dealers[Citan Service]
22,MPC_dealers,Citan Verkauf,string,tableColumn,,0.0,MPC_dealers[Citan Verkauf]
142,MPC_dealers,City,string,tableColumn,,0.0,MPC_dealers[City]
23,MPC_dealers,Company ID,string,tableColumn,,0.0,MPC_dealers[Company ID]
24,MPC_dealers,Connected Services,string,tableColumn,,0.0,MPC_dealers[Connected Services]
25,MPC_dealers,Country,string,tableColumn,,0.0,MPC_dealers[Country]
26,MPC_dealers,Country_mapping,string,tableColumn,,0.0,MPC_dealers[Country_mapping]
124,MPC_dealers,D@R Car Searcher,string,tableColumn,,0.0,MPC_dealers[D@R Car Searcher]
125,MPC_dealers,D@R Center,string,tableColumn,,0.0,MPC_dealers[D@R Center]
126,MPC_dealers,D@R Configurator,string,tableColumn,,0.0,MPC_dealers[D@R Configurator]
127,MPC_dealers,D@R Handover Companion,string,tableColumn,,0.0,MPC_dealers[D@R Handover Companion]
128,MPC_dealers,D@R Matchmaker,string,tableColumn,,0.0,MPC_dealers[D@R Matchmaker]
129,MPC_dealers,D@R Media Concierge,string,tableColumn,,0.0,MPC_dealers[D@R Media Concierge]
130,MPC_dealers,D@R Show Adapter,string,tableColumn,,0.0,MPC_dealers[D@R Show Adapter]
131,MPC_dealers,D@R VIN Scanner,string,tableColumn,,0.0,MPC_dealers[D@R VIN Scanner]
132,MPC_dealers,EQ PoS concept,string,tableColumn,,0.0,MPC_dealers[EQ PoS concept]
27,MPC_dealers,Electric Vehicle After Sales,string,tableColumn,,0.0,MPC_dealers[Electric Vehicle After Sales]
28,MPC_dealers,Electric Vehicle Verkauf,string,tableColumn,,0.0,MPC_dealers[Electric Vehicle Verkauf]
29,MPC_dealers,Email,string,tableColumn,,0.0,MPC_dealers[Email]
133,MPC_dealers,Exclusive Lounge,string,tableColumn,,0.0,MPC_dealers[Exclusive Lounge]
30,MPC_dealers,Express Service,string,tableColumn,,0.0,MPC_dealers[Express Service]
31,MPC_dealers,FUSO,string,tableColumn,,0.0,MPC_dealers[FUSO]
32,MPC_dealers,Fax,string,tableColumn,,0.0,MPC_dealers[Fax]
134,MPC_dealers,Format,string,tableColumn,,0.0,MPC_dealers[Format]
33,MPC_dealers,Freightliner,string,tableColumn,,0.0,MPC_dealers[Freightliner]
35,MPC_dealers,Führender Markencode des Hauptbetriebes,string,tableColumn,,0.0,MPC_dealers[Führender Markencode des Hauptbetriebes]
34,MPC_dealers,Führender Markencode,string,tableColumn,,0.0,MPC_dealers[Führender Markencode]
36,MPC_dealers,Homepage,string,tableColumn,,0.0,MPC_dealers[Homepage]
37,MPC_dealers,Hybrid,string,tableColumn,,0.0,MPC_dealers[Hybrid]
38,MPC_dealers,Karosserie,string,tableColumn,,0.0,MPC_dealers[Karosserie]
39,MPC_dealers,Lackierbetrieb,string,tableColumn,,0.0,MPC_dealers[Lackierbetrieb]
40,MPC_dealers,Lead_MBCPOS,string,tableColumn,,0.0,MPC_dealers[Lead_MBCPOS]
135,MPC_dealers,MAR2020 or AH Release II,string,tableColumn,,0.0,MPC_dealers[MAR2020 or AH Release II]
7,MPC_dealers,MAR2020_conversion,double,measure,"
    var conv = DIVIDE( COUNTX( FILTER(MPC_dealers, MPC_dealers[MAR2020 or AH Release II] = ""MAR2020""), [Outlet ID] ),
                             COUNTROWS( FILTER(MPC_dealers, MPC_dealers[MB PC] <> """" && MPC_dealers[MB PC] <> BLANK()) ) )
    return IF( conv = BLANK(), 0, conv )",0.0,MPC_dealers[MAR2020_conversion]
143,MPC_dealers,MB PC,string,tableColumn,,0.0,MPC_dealers[MB PC]
41,MPC_dealers,MB Rent,string,tableColumn,,0.0,MPC_dealers[MB Rent]
42,MPC_dealers,MB Uptime,string,tableColumn,,0.0,MPC_dealers[MB Uptime]
43,MPC_dealers,MBconnect,string,tableColumn,,0.0,MPC_dealers[MBconnect]
44,MPC_dealers,Maybach,string,tableColumn,,0.0,MPC_dealers[Maybach]
45,MPC_dealers,Mercedes ServiceCard,string,tableColumn,,0.0,MPC_dealers[Mercedes ServiceCard]
156,MPC_dealers,Mercedes-AMG Brand Center,string,tableColumn,,0.0,MPC_dealers[Mercedes-AMG Brand Center]
46,MPC_dealers,Mercedes-Benz,string,tableColumn,,0.0,MPC_dealers[Mercedes-Benz]
47,MPC_dealers,NFZ-Zentrum,string,tableColumn,,0.0,MPC_dealers[NFZ-Zentrum]
49,MPC_dealers,Name3,string,tableColumn,,0.0,MPC_dealers[Name3]
48,MPC_dealers,Name,string,tableColumn,,0.0,MPC_dealers[Name]
50,MPC_dealers,Namenszusatz,string,tableColumn,,0.0,MPC_dealers[Namenszusatz]
51,MPC_dealers,OMNIplus BusWorld Home,string,tableColumn,,0.0,MPC_dealers[OMNIplus BusWorld Home]
52,MPC_dealers,OMNIplus_BusPort,string,tableColumn,,0.0,MPC_dealers[OMNIplus_BusPort]
155,MPC_dealers,Online Sales Digital Marketplace,string,tableColumn,,0.0,MPC_dealers[Online Sales Digital Marketplace]
53,MPC_dealers,Online Sales Neufzg,string,tableColumn,,0.0,MPC_dealers[Online Sales Neufzg]
100,MPC_dealers,Online Sales Zubehör - Dealer Locator,string,tableColumn,,0.0,MPC_dealers[Online Sales Zubehör - Dealer Locator]
136,MPC_dealers,Opening date,dateTime,tableColumn,,0.0,MPC_dealers[Opening date]
54,MPC_dealers,Outlet ID,string,tableColumn,,0.0,MPC_dealers[Outlet ID]
55,MPC_dealers,PARTSpro,string,tableColumn,,0.0,MPC_dealers[PARTSpro]
56,MPC_dealers,PPI_MBR,string,tableColumn,,0.0,MPC_dealers[PPI_MBR]
57,MPC_dealers,Part Sales,string,tableColumn,,0.0,MPC_dealers[Part Sales]
58,MPC_dealers,PartsLink24,string,tableColumn,,0.0,MPC_dealers[PartsLink24]
101,MPC_dealers,Private Van Sales,string,tableColumn,,0.0,MPC_dealers[Private Van Sales]
59,MPC_dealers,Quality Body Repair,string,tableColumn,,0.0,MPC_dealers[Quality Body Repair]
60,MPC_dealers,Quality Paint Shop,string,tableColumn,,0.0,MPC_dealers[Quality Paint Shop]
8,MPC_dealers,RowNumber-2662979B-1795-4F74-8F37-6A1BA8059B61,int64,rowNumber,,1.0,MPC_dealers[RowNumber-2662979B-1795-4F74-8F37-6A1BA8059B61]
61,MPC_dealers,SETRA,string,tableColumn,,0.0,MPC_dealers[SETRA]
137,MPC_dealers,Sales outlets - Outlet ID (GS #),string,tableColumn,,0.0,MPC_dealers[Sales outlets - Outlet ID (GS #)]
62,MPC_dealers,Sales,string,tableColumn,,0.0,MPC_dealers[Sales]
138,MPC_dealers,Salestouch,string,tableColumn,,0.0,MPC_dealers[Salestouch]
63,MPC_dealers,Selektive Ware,string,tableColumn,,0.0,MPC_dealers[Selektive Ware]
65,MPC_dealers,Service Differenzierung,string,tableColumn,,0.0,MPC_dealers[Service Differenzierung]
66,MPC_dealers,Service Select,string,tableColumn,,0.0,MPC_dealers[Service Select]
67,MPC_dealers,Service bis 20:00 Uhr,string,tableColumn,,0.0,MPC_dealers[Service bis 20:00 Uhr]
68,MPC_dealers,Service bis 22:00 Uhr,string,tableColumn,,0.0,MPC_dealers[Service bis 22:00 Uhr]
69,MPC_dealers,Service bis 24:00 Uhr,string,tableColumn,,0.0,MPC_dealers[Service bis 24:00 Uhr]
70,MPC_dealers,Service rund um die Uhr,string,tableColumn,,0.0,MPC_dealers[Service rund um die Uhr]
71,MPC_dealers,Service24h,string,tableColumn,,0.0,MPC_dealers[Service24h]
64,MPC_dealers,Service,string,tableColumn,,0.0,MPC_dealers[Service]
151,MPC_dealers,Showroom capacity (Autohaus Release II),double,tableColumn,,0.0,MPC_dealers[Showroom capacity (Autohaus Release II)]
152,MPC_dealers,Showroom capacity (MAR2020),string,tableColumn,,0.0,MPC_dealers[Showroom capacity (MAR2020)]
98,MPC_dealers,Special Trucks,string,tableColumn,,0.0,MPC_dealers[Special Trucks]
72,MPC_dealers,Sprinter Service,string,tableColumn,,0.0,MPC_dealers[Sprinter Service]
73,MPC_dealers,Sprinter Verkauf,string,tableColumn,,0.0,MPC_dealers[Sprinter Verkauf]
74,MPC_dealers,Status,string,tableColumn,,0.0,MPC_dealers[Status]
75,MPC_dealers,Sterling,string,tableColumn,,0.0,MPC_dealers[Sterling]
76,MPC_dealers,Street,string,tableColumn,,0.0,MPC_dealers[Street]
77,MPC_dealers,Subformat,string,tableColumn,,0.0,MPC_dealers[Subformat]
78,MPC_dealers,Telefon,string,tableColumn,,0.0,MPC_dealers[Telefon]
153,MPC_dealers,Trade name,string,tableColumn,,0.0,MPC_dealers[Trade name]
95,MPC_dealers,Trucks,string,tableColumn,,0.0,MPC_dealers[Trucks]
139,MPC_dealers,Type of project,string,tableColumn,,0.0,MPC_dealers[Type of project]
99,MPC_dealers,Used Car Sales,string,tableColumn,,0.0,MPC_dealers[Used Car Sales]
79,MPC_dealers,V-Klasse Service,string,tableColumn,,0.0,MPC_dealers[V-Klasse Service]
80,MPC_dealers,V-Klasse Verkauf,string,tableColumn,,0.0,MPC_dealers[V-Klasse Verkauf]
81,MPC_dealers,VAN Uptime,string,tableColumn,,0.0,MPC_dealers[VAN Uptime]
96,MPC_dealers,Vans,string,tableColumn,,0.0,MPC_dealers[Vans]
82,MPC_dealers,Vermittlungsmodell A,string,tableColumn,,0.0,MPC_dealers[Vermittlungsmodell A]
83,MPC_dealers,Vermittlungsmodell B,string,tableColumn,,0.0,MPC_dealers[Vermittlungsmodell B]
84,MPC_dealers,Vermittlungsmodell C,string,tableColumn,,0.0,MPC_dealers[Vermittlungsmodell C]
85,MPC_dealers,Vermittlungsrecht,string,tableColumn,,0.0,MPC_dealers[Vermittlungsrecht]
140,MPC_dealers,Virtual Promoter,string,tableColumn,,0.0,MPC_dealers[Virtual Promoter]
86,MPC_dealers,Vito Service,string,tableColumn,,0.0,MPC_dealers[Vito Service]
87,MPC_dealers,Vito Verkauf,string,tableColumn,,0.0,MPC_dealers[Vito Verkauf]
88,MPC_dealers,WebParts.Dealer.B2B,string,tableColumn,,0.0,MPC_dealers[WebParts.Dealer.B2B]
89,MPC_dealers,X-Klasse Service,string,tableColumn,,0.0,MPC_dealers[X-Klasse Service]
90,MPC_dealers,X-Klasse Verkauf,string,tableColumn,,0.0,MPC_dealers[X-Klasse Verkauf]
91,MPC_dealers,Zertifizierte Gebrauchte,string,tableColumn,,0.0,MPC_dealers[Zertifizierte Gebrauchte]
92,MPC_dealers,ZipCode,string,tableColumn,,0.0,MPC_dealers[ZipCode]
148,MPC_dealers,displayLatitude,double,tableColumn,,0.0,MPC_dealers[displayLatitude]
146,MPC_dealers,displayLatitude_MB,double,tableColumn,,0.0,MPC_dealers[displayLatitude_MB]
144,MPC_dealers,displayLatitude_competitor,double,tableColumn,,0.0,MPC_dealers[displayLatitude_competitor]
149,MPC_dealers,displayLongitude,double,tableColumn,,0.0,MPC_dealers[displayLongitude]
147,MPC_dealers,displayLongitude_MB,double,tableColumn,,0.0,MPC_dealers[displayLongitude_MB]
145,MPC_dealers,displayLongitude_competitor,double,tableColumn,,0.0,MPC_dealers[displayLongitude_competitor]
10,MPC_dealers,index,int64,tableColumn,,0.0,MPC_dealers[index]
9,MPC_dealers,level_0,int64,tableColumn,,0.0,MPC_dealers[level_0]
93,MPC_dealers,market,string,tableColumn,,0.0,MPC_dealers[market]
102,MPC_dealers,small/mid Van,string,tableColumn,,0.0,MPC_dealers[small/mid Van]
94,MPC_dealers,smart,string,tableColumn,,0.0,MPC_dealers[smart]
158,MPC_dealers_offering,CompetitorComparison_Category,int64,measure,"COUNTROWS(FILTER(MPC_dealers_offering,
                                        CONTAINS(ALLSELECTED('Competitor Comparison Categories'),
                                                'Competitor Comparison Categories'[Function],
                                                MPC_dealers_offering[value])))",0.0,MPC_dealers_offering[CompetitorComparison_Category]
170,MPC_dealers_offering,MPC_DealerOfferings_ID,string,tableColumn,,0.0,MPC_dealers_offering[MPC_DealerOfferings_ID]
159,MPC_dealers_offering,OutletFunction_Category,int64,measure,"
var bizUnit = max(MPC_dealers_offering[variable])
return COUNTROWS(FILTER(MPC_dealers_offering,
                        CONTAINS('Outlet Function Categories',
                                'Outlet Function Categories'[Function],
                                MPC_dealers_offering[value]) &&
                                MPC_dealers_offering[variable] = bizUnit
                        )
                )",0.0,MPC_dealers_offering[OutletFunction_Category]
167,MPC_dealers_offering,Part reseller,boolean,tableColumn,,0.0,MPC_dealers_offering[Part reseller]
160,MPC_dealers_offering,RowNumber-2662979B-1795-4F74-8F37-6A1BA8059B61,int64,rowNumber,,1.0,MPC_dealers_offering[RowNumber-2662979B-1795-4F74-8F37-6A1BA8059B61]
165,MPC_dealers_offering,Sales,boolean,tableColumn,,0.0,MPC_dealers_offering[Sales]
166,MPC_dealers_offering,Service,boolean,tableColumn,,0.0,MPC_dealers_offering[Service]
169,MPC_dealers_offering,Type,string,tableColumn,,0.0,MPC_dealers_offering[Type]
168,MPC_dealers_offering,Used Car Sales,boolean,tableColumn,,0.0,MPC_dealers_offering[Used Car Sales]
162,MPC_dealers_offering,index,int64,tableColumn,,0.0,MPC_dealers_offering[index]
161,MPC_dealers_offering,level_0,int64,tableColumn,,0.0,MPC_dealers_offering[level_0]
164,MPC_dealers_offering,value,string,tableColumn,,0.0,MPC_dealers_offering[value]
172,MPC_dealers_offering,value_sorting,int64,calculated,"SWITCH( MPC_dealers_offering[value],
                            ""3S"", 1,
                            ""Sales + Service"", 2,
                            ""Sales only"", 3,
                            ""Service + Parts"", 4,
                            ""Service only"", 5,
                            ""Parts reseller"", 6
                            )",0.0,MPC_dealers_offering[value_sorting]
163,MPC_dealers_offering,variable,string,tableColumn,,0.0,MPC_dealers_offering[variable]
171,MPC_dealers_offering,variable_sorting,int64,calculated,"SWITCH( MPC_dealers_offering[variable],
                            ""MB PC"", 1,
                            ""Vans"", 2,
                            ""Trucks"", 3,
                            ""Special Trucks"", 4,
                            ""Bus"", 5 )",0.0,MPC_dealers_offering[variable_sorting]
176,MPCs_GDs,Address,string,tableColumn,,0.0,MPCs_GDs[Address]
178,MPCs_GDs,CEO's e-mail address,string,tableColumn,,0.0,MPCs_GDs[CEO's e-mail address]
177,MPCs_GDs,CEO,string,tableColumn,,0.0,MPCs_GDs[CEO]
179,MPCs_GDs,Country,string,tableColumn,,0.0,MPCs_GDs[Country]
191,MPCs_GDs,Country_Type,string,tableColumn,,0.0,MPCs_GDs[Country_Type]
190,MPCs_GDs,Country_mapping,string,tableColumn,,0.0,MPCs_GDs[Country_mapping]
197,MPCs_GDs,Dist_Rights EQ Image,string,calculated,"IF( MPCs_GDs[Dist_Rights EQ]=""yes"", ""✔"",""✖"")",0.0,MPCs_GDs[Dist_Rights EQ Image]
192,MPCs_GDs,Dist_Rights EQ,string,tableColumn,,0.0,MPCs_GDs[Dist_Rights EQ]
196,MPCs_GDs,Dist_Rights MB PC Image,string,calculated,"IF( MPCs_GDs[Dist_Rights MB Passenger Cars]=""yes"", ""✔"",""✖"")",0.0,MPCs_GDs[Dist_Rights MB PC Image]
193,MPCs_GDs,Dist_Rights MB Passenger Cars,string,tableColumn,,0.0,MPCs_GDs[Dist_Rights MB Passenger Cars]
198,MPCs_GDs,Dist_Rights Smart Image,string,calculated,"IF( MPCs_GDs[Dist_Rights Smart]=""yes"", ""✔"",""✖"")",0.0,MPCs_GDs[Dist_Rights Smart Image]
194,MPCs_GDs,Dist_Rights Smart,string,tableColumn,,0.0,MPCs_GDs[Dist_Rights Smart]
195,MPCs_GDs,Effective since (date),dateTime,tableColumn,,0.0,MPCs_GDs[Effective since (date)]
173,MPCs_GDs,EffectiveSinceMeasure,string,measure,"IF(ISBLANK(MIN(MPCs_GDs[Effective since (date)])),""-"",CONVERT(MIN(MPCs_GDs[Effective since (date)]),STRING))",0.0,MPCs_GDs[EffectiveSinceMeasure]
189,MPCs_GDs,Name,string,tableColumn,,0.0,MPCs_GDs[Name]
181,MPCs_GDs,Netmanager's e-mail address,string,tableColumn,,0.0,MPCs_GDs[Netmanager's e-mail address]
180,MPCs_GDs,Netmanager,string,tableColumn,,0.0,MPCs_GDs[Netmanager]
182,MPCs_GDs,Partner,string,tableColumn,,0.0,MPCs_GDs[Partner]
183,MPCs_GDs,Remarks,string,tableColumn,,0.0,MPCs_GDs[Remarks]
174,MPCs_GDs,RowNumber-2662979B-1795-4F74-8F37-6A1BA8059B61,int64,rowNumber,,1.0,MPCs_GDs[RowNumber-2662979B-1795-4F74-8F37-6A1BA8059B61]
186,MPCs_GDs,Type,string,tableColumn,,0.0,MPCs_GDs[Type]
184,MPCs_GDs,Unnamed: 6,string,tableColumn,,0.0,MPCs_GDs[Unnamed: 6]
185,MPCs_GDs,Unnamed: 7,string,tableColumn,,0.0,MPCs_GDs[Unnamed: 7]
187,MPCs_GDs,displayLatitude,double,tableColumn,,0.0,MPCs_GDs[displayLatitude]
188,MPCs_GDs,displayLongitude,double,tableColumn,,0.0,MPCs_GDs[displayLongitude]
175,MPCs_GDs,id,int64,tableColumn,,0.0,MPCs_GDs[id]
612,Outlet Function Categories,Category,string,tableColumn,,0.0,Outlet Function Categories[Category]
613,Outlet Function Categories,Function,string,tableColumn,,0.0,Outlet Function Categories[Function]
611,Outlet Function Categories,RowNumber-2662979B-1795-4F74-8F37-6A1BA8059B61,int64,rowNumber,,1.0,Outlet Function Categories[RowNumber-2662979B-1795-4F74-8F37-6A1BA8059B61]
614,Outlet Function Categories,Sorting,string,tableColumn,,0.0,Outlet Function Categories[Sorting]
408,ProfitDriverAnalysis,CYQ1,string,tableColumn,,0.0,ProfitDriverAnalysis[CYQ1]
409,ProfitDriverAnalysis,CYQ2,string,tableColumn,,0.0,ProfitDriverAnalysis[CYQ2]
410,ProfitDriverAnalysis,CYQ3,string,tableColumn,,0.0,ProfitDriverAnalysis[CYQ3]
411,ProfitDriverAnalysis,CYQ4,string,tableColumn,,0.0,ProfitDriverAnalysis[CYQ4]
397,ProfitDriverAnalysis,Country,string,tableColumn,,0.0,ProfitDriverAnalysis[Country]
398,ProfitDriverAnalysis,Country_mapping,string,tableColumn,,0.0,ProfitDriverAnalysis[Country_mapping]
395,ProfitDriverAnalysis,Evaluation,string,tableColumn,,0.0,ProfitDriverAnalysis[Evaluation]
396,ProfitDriverAnalysis,HasColor,boolean,tableColumn,,0.0,ProfitDriverAnalysis[HasColor]
400,ProfitDriverAnalysis,HeaderColsBGColor,string,calculated,"IF(ProfitDriverAnalysis[index]<2, ""#273746"", IF(ProfitDriverAnalysis[HasColor], ""#273746"", BLANK()))",0.0,ProfitDriverAnalysis[HeaderColsBGColor]
401,ProfitDriverAnalysis,HeaderColsFontColor,string,calculated,"IF(ProfitDriverAnalysis[index]<2, ""White"", ""#c2c2c2"")",0.0,ProfitDriverAnalysis[HeaderColsFontColor]
402,ProfitDriverAnalysis,Icons,int64,calculated,"SWITCH(
	ProfitDriverAnalysis[Evaluation],
	""High"",1,
	""Medium"",2,
	""Low"",3
)
",0.0,ProfitDriverAnalysis[Icons]
393,ProfitDriverAnalysis,Line items,string,tableColumn,,0.0,ProfitDriverAnalysis[Line items]
403,ProfitDriverAnalysis,LineItemReloadFont,string,calculated,"SUBSTITUTE(ProfitDriverAnalysis[Line items],""?"",""Δ"")",0.0,ProfitDriverAnalysis[LineItemReloadFont]
399,ProfitDriverAnalysis,NormalColsFontColor,string,calculated,"IF(ProfitDriverAnalysis[index]<2, ""White"", IF(ProfitDriverAnalysis[HasColor], ""#c2c2c2"", BLANK()))",0.0,ProfitDriverAnalysis[NormalColsFontColor]
406,ProfitDriverAnalysis,P2Y,string,tableColumn,,0.0,ProfitDriverAnalysis[P2Y]
405,ProfitDriverAnalysis,P3Y,string,tableColumn,,0.0,ProfitDriverAnalysis[P3Y]
407,ProfitDriverAnalysis,PY,string,tableColumn,,0.0,ProfitDriverAnalysis[PY]
404,ProfitDriverAnalysis,Root Cause for development,string,tableColumn,,0.0,ProfitDriverAnalysis[Root Cause for development]
390,ProfitDriverAnalysis,RowNumber-2662979B-1795-4F74-8F37-6A1BA8059B61,int64,rowNumber,,1.0,ProfitDriverAnalysis[RowNumber-2662979B-1795-4F74-8F37-6A1BA8059B61]
394,ProfitDriverAnalysis,Unit,string,tableColumn,,0.0,ProfitDriverAnalysis[Unit]
392,ProfitDriverAnalysis,index,int64,tableColumn,,0.0,ProfitDriverAnalysis[index]
391,ProfitDriverAnalysis,level_0,int64,tableColumn,,0.0,ProfitDriverAnalysis[level_0]
593,Sales_Service_Capacity,2019,int64,tableColumn,,0.0,Sales_Service_Capacity[2019]
594,Sales_Service_Capacity,2020,int64,tableColumn,,0.0,Sales_Service_Capacity[2020]
595,Sales_Service_Capacity,2021,int64,tableColumn,,0.0,Sales_Service_Capacity[2021]
596,Sales_Service_Capacity,2022,int64,tableColumn,,0.0,Sales_Service_Capacity[2022]
597,Sales_Service_Capacity,2023,int64,tableColumn,,0.0,Sales_Service_Capacity[2023]
598,Sales_Service_Capacity,2024,int64,tableColumn,,0.0,Sales_Service_Capacity[2024]
599,Sales_Service_Capacity,2025,int64,tableColumn,,0.0,Sales_Service_Capacity[2025]
602,Sales_Service_Capacity,Color,string,calculated,"IF(Sales_Service_Capacity[IsHeader],""White"",IF(ISERROR(SEARCH(""Blank"",Sales_Service_Capacity[index])),""White"",""Black""))",0.0,Sales_Service_Capacity[Color]
605,Sales_Service_Capacity,Country,string,tableColumn,,0.0,Sales_Service_Capacity[Country]
606,Sales_Service_Capacity,Country_mapping,string,tableColumn,,0.0,Sales_Service_Capacity[Country_mapping]
603,Sales_Service_Capacity,IsHeader,boolean,tableColumn,,0.0,Sales_Service_Capacity[IsHeader]
604,Sales_Service_Capacity,LineItem,string,tableColumn,,0.0,Sales_Service_Capacity[LineItem]
601,Sales_Service_Capacity,Order,double,tableColumn,,0.0,Sales_Service_Capacity[Order]
590,Sales_Service_Capacity,RowNumber-2662979B-1795-4F74-8F37-6A1BA8059B61,int64,rowNumber,,1.0,Sales_Service_Capacity[RowNumber-2662979B-1795-4F74-8F37-6A1BA8059B61]
600,Sales_Service_Capacity,Visual,string,tableColumn,,0.0,Sales_Service_Capacity[Visual]
592,Sales_Service_Capacity,index,string,tableColumn,,0.0,Sales_Service_Capacity[index]
591,Sales_Service_Capacity,level_0,int64,tableColumn,,0.0,Sales_Service_Capacity[level_0]
623,Sales_Service_Capacity_Pivot,Category,string,tableColumn,,0.0,Sales_Service_Capacity_Pivot[Category]
625,Sales_Service_Capacity_Pivot,Country,string,tableColumn,,0.0,Sales_Service_Capacity_Pivot[Country]
626,Sales_Service_Capacity_Pivot,Country_mapping,string,tableColumn,,0.0,Sales_Service_Capacity_Pivot[Country_mapping]
620,Sales_Service_Capacity_Pivot,IsHeader,boolean,tableColumn,,0.0,Sales_Service_Capacity_Pivot[IsHeader]
624,Sales_Service_Capacity_Pivot,LineItem,string,tableColumn,,0.0,Sales_Service_Capacity_Pivot[LineItem]
619,Sales_Service_Capacity_Pivot,Order,double,tableColumn,,0.0,Sales_Service_Capacity_Pivot[Order]
615,Sales_Service_Capacity_Pivot,RowNumber-2662979B-1795-4F74-8F37-6A1BA8059B61,int64,rowNumber,,1.0,Sales_Service_Capacity_Pivot[RowNumber-2662979B-1795-4F74-8F37-6A1BA8059B61]
622,Sales_Service_Capacity_Pivot,Value,int64,tableColumn,,0.0,Sales_Service_Capacity_Pivot[Value]
618,Sales_Service_Capacity_Pivot,Visual,string,tableColumn,,0.0,Sales_Service_Capacity_Pivot[Visual]
621,Sales_Service_Capacity_Pivot,Year,string,tableColumn,,0.0,Sales_Service_Capacity_Pivot[Year]
617,Sales_Service_Capacity_Pivot,index,string,tableColumn,,0.0,Sales_Service_Capacity_Pivot[index]
616,Sales_Service_Capacity_Pivot,level_0,int64,tableColumn,,0.0,Sales_Service_Capacity_Pivot[level_0]
329,all_FactSheetModes,Mode,string,tableColumn,,0.0,all_FactSheetModes[Mode]
330,all_FactSheetModes,Name,string,tableColumn,,0.0,all_FactSheetModes[Name]
328,all_FactSheetModes,RowNumber-2662979B-1795-4F74-8F37-6A1BA8059B61,int64,rowNumber,,1.0,all_FactSheetModes[RowNumber-2662979B-1795-4F74-8F37-6A1BA8059B61]
327,all_YearsQuarters,HasCounterMeasureData,boolean,calculated,COUNTROWS(RELATEDTABLE(CounterMeasure)) > 0,0.0,all_YearsQuarters[HasCounterMeasureData]
325,all_YearsQuarters,HasFactSheetData,boolean,calculated,COUNTROWS(RELATEDTABLE(FactSheet_Charts)) > 0,0.0,all_YearsQuarters[HasFactSheetData]
324,all_YearsQuarters,HasLowPerformersCurrentSitData,boolean,calculated,COUNTROWS(RELATEDTABLE(LowPerformer)) > 0 || COUNTROWS(RELATEDTABLE(CurrentSituation)) > 0,0.0,all_YearsQuarters[HasLowPerformersCurrentSitData]
323,all_YearsQuarters,HasMarginsData,boolean,calculated,COUNTROWS(RELATEDTABLE(margins_Templates_Countries_Years)) > 0,0.0,all_YearsQuarters[HasMarginsData]
326,all_YearsQuarters,HasTargetsData,boolean,calculated,COUNTROWS(RELATEDTABLE(FactSheet_Targets)) > 0,0.0,all_YearsQuarters[HasTargetsData]
321,all_YearsQuarters,Quarter,string,tableColumn,,0.0,all_YearsQuarters[Quarter]
317,all_YearsQuarters,RowNumber-2662979B-1795-4F74-8F37-6A1BA8059B61,int64,rowNumber,,1.0,all_YearsQuarters[RowNumber-2662979B-1795-4F74-8F37-6A1BA8059B61]
322,all_YearsQuarters,YTDQuarter,string,tableColumn,,0.0,all_YearsQuarters[YTDQuarter]
319,all_YearsQuarters,Year Quarter,string,tableColumn,,0.0,all_YearsQuarters[Year Quarter]
320,all_YearsQuarters,Year,string,tableColumn,,0.0,all_YearsQuarters[Year]
318,all_YearsQuarters,index,int64,tableColumn,,0.0,all_YearsQuarters[index]
241,all_countries,Country Mapping,string,tableColumn,,0.0,all_countries[Country Mapping]
242,all_countries,Country Unique,string,tableColumn,,0.0,all_countries[Country Unique]
248,all_countries,HasCapacityData,boolean,calculated,COUNTROWS(RELATEDTABLE(Sales_Service_Capacity)) > 0,0.0,all_countries[HasCapacityData]
249,all_countries,HasCounterMeasureData,boolean,calculated,COUNTROWS(RELATEDTABLE(CounterMeasure)) > 0,0.0,all_countries[HasCounterMeasureData]
247,all_countries,HasDealerData,boolean,calculated,COUNTROWS(RELATEDTABLE(MPC_dealers)) > 0,0.0,all_countries[HasDealerData]
243,all_countries,HasFactSheetData,boolean,calculated,"
var country = MAX(all_countries[Country Unique])
return CALCULATE( COUNTROWS(FactSheet_Charts), USERELATIONSHIP(FactSheet_Charts[Country], all_countries[Country Unique]) ) > 0",0.0,all_countries[HasFactSheetData]
245,all_countries,HasLowPerformersCurrentSitData,boolean,calculated,COUNTROWS(RELATEDTABLE(LowPerformer)) > 0 || COUNTROWS(RELATEDTABLE(CurrentSituation)) > 0,0.0,all_countries[HasLowPerformersCurrentSitData]
244,all_countries,HasMarginsData,boolean,calculated,COUNTROWS(RELATEDTABLE(margins_Templates_Countries_Years)) > 0,0.0,all_countries[HasMarginsData]
246,all_countries,HasProfitDriverData,boolean,calculated,COUNTROWS(RELATEDTABLE(ProfitDriverAnalysis)) > 0,0.0,all_countries[HasProfitDriverData]
239,all_countries,RowNumber-2662979B-1795-4F74-8F37-6A1BA8059B61,int64,rowNumber,,1.0,all_countries[RowNumber-2662979B-1795-4F74-8F37-6A1BA8059B61]
240,all_countries,index,int64,tableColumn,,0.0,all_countries[index]
487,margins_Templates,Name,string,tableColumn,,0.0,margins_Templates[Name]
482,margins_Templates,RowNumber-2662979B-1795-4F74-8F37-6A1BA8059B61,int64,rowNumber,,1.0,margins_Templates[RowNumber-2662979B-1795-4F74-8F37-6A1BA8059B61]
485,margins_Templates,Template,string,tableColumn,,0.0,margins_Templates[Template]
484,margins_Templates,VehicleType,string,tableColumn,,0.0,margins_Templates[VehicleType]
486,margins_Templates,WordDoc,string,tableColumn,,0.0,margins_Templates[WordDoc]
483,margins_Templates,index,int64,tableColumn,,0.0,margins_Templates[index]
481,margins_Templates_Countries_Years,Country-Template-Year,string,tableColumn,,0.0,margins_Templates_Countries_Years[Country-Template-Year]
476,margins_Templates_Countries_Years,Country-Template,string,tableColumn,,0.0,margins_Templates_Countries_Years[Country-Template]
478,margins_Templates_Countries_Years,Country,string,tableColumn,,0.0,margins_Templates_Countries_Years[Country]
477,margins_Templates_Countries_Years,Country_mapping,string,tableColumn,,0.0,margins_Templates_Countries_Years[Country_mapping]
474,margins_Templates_Countries_Years,RowNumber-2662979B-1795-4F74-8F37-6A1BA8059B61,int64,rowNumber,,1.0,margins_Templates_Countries_Years[RowNumber-2662979B-1795-4F74-8F37-6A1BA8059B61]
479,margins_Templates_Countries_Years,Template,string,tableColumn,,0.0,margins_Templates_Countries_Years[Template]
480,margins_Templates_Countries_Years,Year,string,tableColumn,,0.0,margins_Templates_Countries_Years[Year]
475,margins_Templates_Countries_Years,index,int64,tableColumn,,0.0,margins_Templates_Countries_Years[index]
472,margins_Years,RowNumber-2662979B-1795-4F74-8F37-6A1BA8059B61,int64,rowNumber,DISTINCT(margins_Templates_Countries_Years[Year]),1.0,margins_Years[RowNumber-2662979B-1795-4F74-8F37-6A1BA8059B61]
473,margins_Years,Year,string,calculatedTableColumn,DISTINCT(margins_Templates_Countries_Years[Year]),0.0,margins_Years[Year]
423,margins_body1,ColorType,double,tableColumn,,0.0,margins_body1[ColorType]
424,margins_body1,Country-Template-Year,string,tableColumn,,0.0,margins_body1[Country-Template-Year]
420,margins_body1,Country,string,tableColumn,,0.0,margins_body1[Country]
422,margins_body1,Country_mapping,string,tableColumn,,0.0,margins_body1[Country_mapping]
414,margins_body1,Header1,string,tableColumn,,0.0,margins_body1[Header1]
415,margins_body1,Header2,string,tableColumn,,0.0,margins_body1[Header2]
416,margins_body1,Header3,string,tableColumn,,0.0,margins_body1[Header3]
417,margins_body1,Header5,string,tableColumn,,0.0,margins_body1[Header5]
418,margins_body1,Header6,string,tableColumn,,0.0,margins_body1[Header6]
419,margins_body1,Header8,string,tableColumn,,0.0,margins_body1[Header8]
426,margins_body1,HeaderColBGColor,string,calculated,"SWITCH( margins_body1[ColorType],
                                0, ""#273746"",
                                1, ""#273746"",
                                2, ""Black"" )",0.0,margins_body1[HeaderColBGColor]
427,margins_body1,HeaderColFontColor,string,calculated,"SWITCH( margins_body1[ColorType],
                                0, ""White"",
                                1, ""White"",
                                2, ""White"" )",0.0,margins_body1[HeaderColFontColor]
428,margins_body1,NormalColsBGColor,string,calculated,"SWITCH(margins_body1[ColorType],
                            0, ""#273746"",
                            1, ""#273746"",
                            2, ""Black"" )",0.0,margins_body1[NormalColsBGColor]
429,margins_body1,NormalColsFontColor,string,calculated,"SWITCH( margins_body1[ColorType],
                                0, ""White"",
                                1, ""#66cef5"",
                                2, ""#66cef5"" )",0.0,margins_body1[NormalColsFontColor]
412,margins_body1,RowNumber-2662979B-1795-4F74-8F37-6A1BA8059B61,int64,rowNumber,,1.0,margins_body1[RowNumber-2662979B-1795-4F74-8F37-6A1BA8059B61]
413,margins_body1,Template,string,tableColumn,,0.0,margins_body1[Template]
421,margins_body1,Year,string,tableColumn,,0.0,margins_body1[Year]
425,margins_body1,index,int64,tableColumn,,0.0,margins_body1[index]
438,margins_body2,ColorType,double,tableColumn,,0.0,margins_body2[ColorType]
439,margins_body2,Country-Template-Year,string,tableColumn,,0.0,margins_body2[Country-Template-Year]
435,margins_body2,Country,string,tableColumn,,0.0,margins_body2[Country]
437,margins_body2,Country_mapping,string,tableColumn,,0.0,margins_body2[Country_mapping]
432,margins_body2,Header1,string,tableColumn,,0.0,margins_body2[Header1]
433,margins_body2,Header2,string,tableColumn,,0.0,margins_body2[Header2]
434,margins_body2,Header6,string,tableColumn,,0.0,margins_body2[Header6]
441,margins_body2,HeadersBGColor,string,calculated,"SWITCH( margins_body2[ColorType],
                                0, ""#273746"",
                                1, ""#273746"",
                                2, ""Black"" )",0.0,margins_body2[HeadersBGColor]
430,margins_body2,RowNumber-2662979B-1795-4F74-8F37-6A1BA8059B61,int64,rowNumber,,1.0,margins_body2[RowNumber-2662979B-1795-4F74-8F37-6A1BA8059B61]
431,margins_body2,Template,string,tableColumn,,0.0,margins_body2[Template]
436,margins_body2,Year,string,tableColumn,,0.0,margins_body2[Year]
440,margins_body2,index,int64,tableColumn,,0.0,margins_body2[index]
449,margins_body3,Country-Template-Year,string,tableColumn,,0.0,margins_body3[Country-Template-Year]
446,margins_body3,Country,string,tableColumn,,0.0,margins_body3[Country]
448,margins_body3,Country_mapping,string,tableColumn,,0.0,margins_body3[Country_mapping]
444,margins_body3,Header1,string,tableColumn,,0.0,margins_body3[Header1]
445,margins_body3,Header2,string,tableColumn,,0.0,margins_body3[Header2]
442,margins_body3,RowNumber-2662979B-1795-4F74-8F37-6A1BA8059B61,int64,rowNumber,,1.0,margins_body3[RowNumber-2662979B-1795-4F74-8F37-6A1BA8059B61]
443,margins_body3,Template,string,tableColumn,,0.0,margins_body3[Template]
447,margins_body3,Year,string,tableColumn,,0.0,margins_body3[Year]
450,margins_body3,index,int64,tableColumn,,0.0,margins_body3[index]
458,margins_sentences,ColorType,double,tableColumn,,0.0,margins_sentences[ColorType]
460,margins_sentences,Country-Template-Year,string,tableColumn,,0.0,margins_sentences[Country-Template-Year]
455,margins_sentences,Country,string,tableColumn,,0.0,margins_sentences[Country]
457,margins_sentences,Country_mapping,string,tableColumn,,0.0,margins_sentences[Country_mapping]
453,margins_sentences,DataType,string,tableColumn,,0.0,margins_sentences[DataType]
454,margins_sentences,Header1,string,tableColumn,,0.0,margins_sentences[Header1]
459,margins_sentences,Market Title,string,calculated,"CONCATENATE(""Mercedes-Benz "",margins_sentences[Country_mapping])",0.0,margins_sentences[Market Title]
451,margins_sentences,RowNumber-2662979B-1795-4F74-8F37-6A1BA8059B61,int64,rowNumber,,1.0,margins_sentences[RowNumber-2662979B-1795-4F74-8F37-6A1BA8059B61]
452,margins_sentences,Template,string,tableColumn,,0.0,margins_sentences[Template]
456,margins_sentences,Year,string,tableColumn,,0.0,margins_sentences[Year]
461,margins_sentences,index,int64,tableColumn,,0.0,margins_sentences[index]
470,margins_signature,Country-Template-Year,string,tableColumn,,0.0,margins_signature[Country-Template-Year]
467,margins_signature,Country,string,tableColumn,,0.0,margins_signature[Country]
469,margins_signature,Country_mapping,string,tableColumn,,0.0,margins_signature[Country_mapping]
464,margins_signature,Header1,string,tableColumn,,0.0,margins_signature[Header1]
465,margins_signature,Header2,string,tableColumn,,0.0,margins_signature[Header2]
466,margins_signature,Header3,string,tableColumn,,0.0,margins_signature[Header3]
462,margins_signature,RowNumber-2662979B-1795-4F74-8F37-6A1BA8059B61,int64,rowNumber,,1.0,margins_signature[RowNumber-2662979B-1795-4F74-8F37-6A1BA8059B61]
463,margins_signature,Template,string,tableColumn,,0.0,margins_signature[Template]
468,margins_signature,Year,string,tableColumn,,0.0,margins_signature[Year]
471,margins_signature,index,int64,tableColumn,,0.0,margins_signature[index]
